stnid,lat,lng,docks,name
7000,43.639832,-79.395954,29,Fort York  Blvd / Capreol Crt
7001,43.647992,-79.370907,15,Lower Jarvis St / The Esplanade
7002,43.667333,-79.399429,19,St. George St / Bloor St W
7003,43.667158,-79.402761,15,Madison Ave / Bloor St W
7004,43.656518,-79.389099,11,University Ave / Elm St
7005,43.648093,-79.384749,18,University Ave / King St W
7006,43.660439,-79.385525,11,Bay St / College St (East Side)
7007,43.658148,-79.398167,11,College St / Huron St
7008,43.663376,-79.392125,18,Wellesley St / Queen's Park Cres
7009,43.650325,-79.372287,11,King St E / Jarvis St
7010,43.645323,-79.395003,19,King St W / Spadina Ave
7011,43.642982,-79.399256,11,Wellington St W / Portland St
7012,43.656026,-79.385327,14,Elizabeth St / Edward St (Bus Terminal)
7013,43.646560,-79.375274,18,Scott St / The Esplanade
7014,43.663102,-79.373181,17,Sherbourne St / Carlton St (Allan Gardens)
7015,43.648520,-79.380576,19,King St W / Bay St (West Side)
7016,43.640823,-79.376265,23,Bay St / Queens Quay W (Ferry Terminal)
7017,43.647145,-79.391479,19,Widmer St / Adelaide St W
7018,43.641529,-79.386741,15,Bremner Blvd / Rees St
7019,43.650699,-79.380723,27,Temperance St. / Bay St.
7020,43.650033,-79.396555,32,Phoebe St / Spadina Ave
7021,43.653264,-79.382458,31,Bay St / Albert St
7022,43.650858,-79.387582,27,Simcoe St / Queen St W
7023,43.657100,-79.405600,11,College St / Borden St
7024,43.666630,-79.381480,23,Dundonald St / Church St
7025,43.671293,-79.380471,27,Ted Rogers Way / Bloor St E
7026,43.665527,-79.387499,15,Bay St / St. Joseph St
7027,43.652823,-79.393388,23,Beverly  St / Dundas St W
7028,43.658200,-79.376800,31,Gould St / Mutual St
7029,43.650162,-79.373400,15,St. James Park (King St. E.)
7030,43.664088,-79.387095,35,Bay St / Wellesley St W
7031,43.668991,-79.379385,23,Jarvis St / Isabella St
7032,43.652473,-79.401456,14,Augusta Ave / Dundas St W
7033,43.645609,-79.380386,27,Union Station
7034,43.671389,-79.382919,15,Church St / Bloor St E
7035,43.643975,-79.419576,23,Queen St W / Ossington Ave
7036,43.651318,-79.360230,19,Trinity St /Front St E
7037,43.652300,-79.405800,19,Bathurst St / Dundas St W
7038,43.656094,-79.381484,15,Dundas St W / Yonge St
7039,43.653743,-79.388820,27,Simcoe St / Dundas St W
7040,43.664467,-79.414783,18,Euclid Ave / Bloor St W
7041,43.656729,-79.382736,23,Edward St / Yonge St
7042,43.667300,-79.374000,31,Sherbourne St / Wellesley St E
7043,43.639510,-79.383717,17,Queens Quay W / Lower Simcoe St
7044,43.663722,-79.380288,15,Church St / Alexander St
7045,43.653236,-79.376716,25,Bond St / Queen St E
7046,43.645340,-79.409597,14,Niagara St / Richmond St W
7047,43.657763,-79.389165,24,University Ave / Gerrard St W
7048,43.646144,-79.377962,47,Front St W / Yonge St (Hockey Hall of Fame)
7049,43.647600,-79.401500,10,Queen St W / Portland St
7050,43.652634,-79.374222,9,Richmond St E / Jarvis St Green P
7051,43.665060,-79.383570,16,Wellesley St E / Yonge St (Green P)
7052,43.647259,-79.379878,25,Wellington St W / Bay St
7053,43.645859,-79.387830,26,Metro Hall Plaza
7054,43.640722,-79.391051,11,Navy Wharf Ct. / Bremner Blvd.
7055,43.662070,-79.376170,15,Jarvis St / Carlton St
7056,43.661149,-79.366648,26,Parliament St / Gerrard St
7057,43.645533,-79.385400,31,Simcoe St / Wellington St W
7058,43.663700,-79.400053,19,Huron/ Harbord St
7059,43.643473,-79.390477,15,Front St W / Blue Jays Way
7060,43.652123,-79.367139,17,Princess St / Adelaide St E
7061,43.665802,-79.407310,25,Bloor St / Brunswick Ave
7062,43.659226,-79.390213,11,University Ave / College St
7063,43.668456,-79.393899,18,Queen's Park / Bloor St W
7064,43.652050,-79.362198,19,51 Parliament St
7065,43.659575,-79.365769,15,Dundas St E / Parliament St
7066,43.662085,-79.397735,16,Willcocks St / St. George St
7067,43.643795,-79.375413,39,Yonge St / Harbour St
7068,43.644607,-79.366295,27,Dockside Dr / Queens Quay E (Sugar Beach)
7069,43.649147,-79.395504,11,Queen St W / Spadina Ave
7070,43.643667,-79.380414,11,25 York St (ACC/Union Station South)
7071,43.666233,-79.373327,11,161 Bleecker St (South of Wellesley)
7072,43.644524,-79.416519,19,Queen St W / Shaw St
7073,43.640114,-79.393249,15,Spadina Ave / Bremner Blvd
7074,43.664137,-79.402496,27,Spadina Ave / Sussex Ave
7075,43.636533,-79.395854,26,Queens Quay W / Dan Leckie Way
7076,43.640132,-79.380464,26,York St / Queens Quay W
7077,43.659777,-79.382767,19,College Park South
7078,43.657600,-79.403200,10,College St / Major St
7079,43.660694,-79.379052,18,McGill St / Church St
7083,43.688325,-79.300463,15,Danforth Ave / Barrington Ave
7084,43.687040,-79.301915,15,Stephenson Ave / Main St
7085,43.687323,-79.304848,15,Danforth Ave / Westlake Ave
7086,43.686829,-79.311073,18,Woodbine Subway Green P (Cedarvale Ave)
7087,43.684758,-79.316767,11,Danforth Ave / Aldridge Ave
7088,43.683378,-79.322961,15,Danforth Ave / Coxwell Ave
7089,43.662712,-79.379903,19,Church St  / Wood St
7090,43.681991,-79.329455,15,Danforth Ave / Lamb Ave
7091,43.681126,-79.337779,11,Donlands Station
7092,43.680223,-79.344062,15,Pape Subway Green P
7093,43.678401,-79.346289,17,Danforth Ave / Gough Ave
7094,43.678056,-79.352222,11,Chester Station
7095,43.677076,-79.356670,14,Danforth Ave / Ellerbeck St
7096,43.661508,-79.338931,19,Boston Ave / Queen St E
7097,43.671172,-79.354704,15,Riverdale Park North (Broadview Ave)
7098,43.667819,-79.353470,15,Riverdale Park South (Broadview Ave)
7099,43.651248,-79.357848,15,Cherry St / Mill St
7100,43.660207,-79.361275,19,Dundas St E / Regent Park Blvd
7101,43.648655,-79.367061,27,Lower Sherbourne St / The Esplanade
7102,43.648711,-79.389728,31,Nelson St / Duncan St
7103,43.660362,-79.343801,10,Jimmie Simpson Park (Queen St E)
7104,43.657071,-79.356598,15,King St E / River St
7105,43.656111,-79.361389,15,Queen St E / Sackville St
7106,43.652219,-79.354455,15,Mill St / Tannery Rd
7107,43.650279,-79.356832,15,Cherry St / Distillery Ln
7108,43.652686,-79.358395,15,Front St E / Cherry St
7109,43.658777,-79.369596,11,Seaton St / Dundas St E
7110,43.655278,-79.365833,15,Queen St E / Berkeley St
7111,43.640885,-79.416379,11,King St W / Douro St
7112,43.637981,-79.424146,19,Liberty St / Fraser Ave Green P
7113,43.665278,-79.368333,15,Parliament St / Aberdeen Ave
7114,43.664524,-79.367930,15,Carlton St / Parliament St
7115,43.671258,-79.376367,15,Howard St / Sherbourne St
7116,43.671827,-79.371849,15,Parliament St / Bloor St E
7117,43.674083,-79.368579,15,Castle Frank Station
7118,43.648575,-79.380042,19,King St W / Bay St (East Side)
7119,43.665867,-79.362506,15,Sumach St / Carlton St. (Riverdale Farm)
7120,43.663993,-79.358534,11,Gerrard St E / River St
7121,43.657266,-79.374756,15,Jarvis St / Dundas St E
7122,43.641389,-79.404444,15,Niagara St / Tecumseth St
7123,43.643834,-79.396649,15,424 Wellington St W
7124,43.662365,-79.351104,19,Dundas St E / Broadview Ave
7126,43.671944,-79.387778,17,Yonge St / Yorkville Ave
7127,43.672829,-79.390592,15,Bay St / Davenport Rd
7128,43.675492,-79.388858,15,Yonge St / Aylmer Ave
7129,43.674991,-79.396273,11,Davenport Rd / Avenue Rd
7130,43.675481,-79.397359,11,Pears Av / Avenue Rd
7131,43.669860,-79.398443,15,Taddle Creek Park
7132,43.670318,-79.405181,9,Kendal Ave / Spadina Rd
7133,43.681944,-79.390556,11,Summerhill Station
7134,43.680000,-79.391111,23,Marlborough Ave / Yonge St
7135,43.638333,-79.419722,15,Hanna Ave / Liberty St
7136,43.640634,-79.435841,23,Queen St W / Close Ave
7137,43.676667,-79.416111,15,Davenport Rd / Bathurst St
7138,43.675278,-79.423889,15,Davenport Rd / Christie St
7139,43.677778,-79.405556,15,Glen Edyth Dr / Davenport Rd
7140,43.675791,-79.406980,15,Macpherson Ave / Spadina Rd
7141,43.675556,-79.410278,15,Bridgeman Ave / Kendal Ave
7142,43.674444,-79.414722,15,Bridgeman Ave / Bathurst St
7143,43.671513,-79.408317,15,Kendal Ave / Bernard Ave
7144,43.671389,-79.416389,15,Palmerston Ave / Vermont Ave
7146,43.680000,-79.425000,17,Christie St / Benson Ave (Wychwood Barns)
7147,43.639444,-79.425278,15,King St W / Fraser Ave
7148,43.639444,-79.423611,15,King St W / Joe Shuster Way
7149,43.670000,-79.420833,10,Yarmouth Rd / Christie St
7150,43.655556,-79.433611,19,Dufferin St / Sylvan Av (Dufferin Grove Park)
7151,43.668611,-79.420278,18,Essex St / Christie St
7152,43.661705,-79.425734,11,Ossington Ave / Bloor St W
7153,43.663889,-79.418889,19,Bloor St W / Christie St
7154,43.666667,-79.411667,23,Bathurst Subway Station
7155,43.663808,-79.410491,19,Bathurst St / Lennox St
7156,43.660833,-79.431667,15,Salem Ave / Bloor St W
7157,43.660833,-79.435833,13,Dufferin St / Bloor St
7158,43.642222,-79.411111,14,King St W / Stafford St
7160,43.643333,-79.405556,15,King St W / Tecumseth St
7161,43.657500,-79.395278,22,Beverly St / College St
7162,43.659167,-79.385556,15,Hayter St / Laplante Ave
7163,43.662222,-79.382500,15,Yonge St / Wood St
7164,43.657189,-79.379953,19,Victoria St / Gould St (Ryerson University)
7167,43.654444,-79.371111,17,Queen St E / George St (Moss Park)
7168,43.641646,-79.375308,15,Queens Quay / Yonge St
7169,43.646162,-79.378912,11,Front St W / Bay St (North Side)
7170,43.661667,-79.401389,15,Spadina Ave / Willcocks St
7171,43.632999,-79.408671,27,Ontario Place Blvd / Remembrance Dr
7172,43.635000,-79.408889,19,Strachan Ave / Princes' Blvd
7173,43.666667,-79.458333,19,Cariboo St / Rail Path
7174,43.656389,-79.451667,15,Bloor St W / Dundas St W
7175,43.637960,-79.387502,27,HTO Park (Queens Quay W)
7176,43.639179,-79.399595,19,Bathurst St / Fort York Blvd
7177,43.638611,-79.414722,19,East Liberty St / Pirandello St
7178,43.657192,-79.452559,14,Dundas St W / Edna Ave
7179,43.657500,-79.450278,19,Bloor GO / UP Station (West Toronto Railpath)
7180,43.659167,-79.442778,22,Lansdowne Subway Green P
7181,43.653889,-79.441389,15,Lansdowne Ave / Whytock Ave
7182,43.650833,-79.443056,19,Sterling Rd / Dundas St W
7183,43.651389,-79.437778,15,Margueretta St / College St
7184,43.654492,-79.422634,11,Ossington Ave / College St
7188,43.636667,-79.419722,23,Exhibition GO (Atlantic Ave)
7189,43.653750,-79.401753,14,Augusta Ave / Denison Sq
7190,43.664059,-79.398334,15,St. George St / Hoskin Ave
7191,43.661975,-79.407896,11,Central Tech  (Harbord St)
7192,43.660414,-79.415646,15,Harbord St / Clinton St
7193,43.643056,-79.427500,15,Queen St W / Gladstone Ave
7194,43.690564,-79.326319,11,Mortimer Ave / Coxwell Ave
7195,43.660000,-79.408889,11,Ulster St / Bathurst St
7196,43.659050,-79.422988,11,Roxton Rd / Harbord St
7197,43.643611,-79.422500,11,Queen St W / Dovercourt Rd
7198,43.640900,-79.432837,19,Queen St W / Cowan Ave
7199,43.656389,-79.409167,19,College St / Markham St
7202,43.651667,-79.384167,23,Queen St W / York St (City Hall)
7203,43.635492,-79.398253,35,Bathurst St/Queens Quay(Billy Bishop Airport)
7204,43.655000,-79.418889,19,College St / Crawford St
7205,43.652778,-79.429722,15,Rusholme Park Cres / College St
7206,43.651281,-79.411717,13,Claremont St / Dundas St W
7207,43.649722,-79.416944,19,Dundas St W / Crawford St
7208,43.656296,-79.414663,11,80 Clinton St (North of College)
7209,43.651111,-79.421389,19,Ossington Ave / Harrison St
7210,43.647500,-79.433056,14,Mary McCormick Rec Centre (Sheridan Ave)
7211,43.637500,-79.406111,15,Fort York Blvd / Garrison Rd
7216,43.641281,-79.409339,23,Wellington St W / Stafford St
7220,43.635932,-79.465083,19,Lakeshore Blvd W / Ellis Ave
7221,43.654360,-79.465530,19,High Park Subway Station
7222,43.637894,-79.454823,22,Sunnyside - Gus Ryder Pool
7223,43.654501,-79.460053,12,Parkside Dr / Bloor St W - SMART
7224,43.653527,-79.465057,19,Bloor St W / High Park Ave (High Park)
7226,43.636731,-79.444966,19,Lakeshore Blvd W / The Boulevard Club
7227,43.631400,-79.430400,15,Martin Goodman Trail (Marilyn Bell Park)
7228,43.638399,-79.446444,19,Queen St W / Roncesvalles Ave
7229,43.653427,-79.451279,12,Dundas St W / Roncesvalles Green P - SMART
7230,43.643769,-79.447915,19,Garden Ave / Roncesvalles Ave
7231,43.646677,-79.442741,18,Wright / Sorauren (Sorauren Park) - SMART
7232,43.640255,-79.439223,16,Queen St W  /  Fuller Ave - SMART
7233,43.637922,-79.431734,16,King / Cowan Ave - SMART
7234,43.650492,-79.450842,19,Roncesvalles Ave / Marmaduke St
7235,43.660087,-79.385655,12,Bay St / College St (West Side) - SMART
7236,43.659471,-79.350325,12,Thompson St / Broadview Ave - SMART
7237,43.662251,-79.446036,15,Ward Ave / Wallace Ave
7238,43.649172,-79.444509,16,Sorauren/Geoffrey (Sorauren Park) - SMART
7239,43.663912,-79.416124,20,Bloor St W / Manning Ave - SMART
7240,43.662403,-79.423098,12,Bloor St W / Shaw Ave - SMART
7241,43.666805,-79.381288,12,519 Church St - SMART
7243,43.635655,-79.418479,15,Exhibition GO Station
7244,43.633473,-79.425679,16,Dufferin Gate - SMART
7245,43.646552,-79.406468,9,Tecumseth St / Queen St W - SMART
7247,43.652100,-79.448600,12,Howard Park Ave / Dundas St W - SMART
7248,43.654905,-79.398448,19,Baldwin Ave / Spadina Ave - SMART
7250,43.660296,-79.397107,11,St. George St / Russell St - SMART
7251,43.668561,-79.394403,17,The Royal Ontario Museum (Bloor St Entrance)
7252,43.665846,-79.404998,18,Robert St / Bloor St W - SMART
7253,43.646100,-79.389500,12,John St  / Mercer St - SMART
7254,43.665461,-79.408480,12,Borden St / Bloor St W - SMART
7255,43.643307,-79.402176,16,Stewart St / Bathurst St  - SMART
7256,43.648437,-79.398380,9,Vanauley St / Queen St W - SMART
7257,43.654517,-79.389532,19,Dundas St W / St. Patrick St
7258,43.662279,-79.334166,25,Queen St E / Larchmount Ave
7260,43.646688,-79.395267,15,Spadina Ave / Adelaide St W
7262,43.680916,-79.422968,16,Wychwood Ave / Benson Ave - SMART
7263,43.657838,-79.386310,19,Walton St / Elizabeth St - SMART
7264,43.671535,-79.379173,15,Bloor St E / Huntley St - SMART
7265,43.661324,-79.449534,12,Wallace Ave / Symington Ave - SMART
7266,43.694016,-79.288984,20,Victoria Park Subway Station - SMART
7267,43.658295,-79.372346,16,Dundas St E / Pembroke St - SMART
7268,43.656927,-79.378497,16,111 Bond St (North of Dundas St E)  - SMART
7269,43.655431,-79.380653,14,Toronto Eaton Centre (Yonge St)
7270,43.657024,-79.377257,15,Church St / Dundas St E - SMART
7271,43.662862,-79.383572,8,Yonge St / Alexander St - SMART
7272,43.665801,-79.384796,12,Yonge St / Dundonald St - SMART
7273,43.668153,-79.388910,20,Bay St / Charles St - SMART
7274,43.661803,-79.389682,12,Queen's Park Cres E / Grosvenor St - SMART
7275,43.652276,-79.380701,11,Queen St W / James St
7276,43.669903,-79.387802,11,Bloor St W / Balmuto St
7277,43.685600,-79.371800,12,Chorley Park - SMART
7278,43.685900,-79.376600,12,Summerhill Ave / MacLennan Ave - SMART
7279,43.687999,-79.389060,16,Rosehill Ave / Avoca Ave - SMART
7280,43.669604,-79.381171,15,Charles St E / Jarvis St - SMART
7281,43.668427,-79.387250,16,Charles St W / Balmuto St - SMART
7282,43.650152,-79.379856,20,Adelaide St W / Bay St - SMART
7283,43.645950,-79.378761,19,Front St W / Bay St (South Side)
7284,43.648000,-79.383400,16,York St / King St W - SMART
7285,43.662923,-79.401845,12,Spadina Ave / Harbord St - SMART
7286,43.665656,-79.352055,18,Gerrard St E / Broadview - SMART
7287,43.661673,-79.337789,8,Queen St E / Pape Ave - SMART
7288,43.626705,-79.476571,23,Humber Bay Shores Park West
7289,43.629742,-79.474627,23,Humber Bay Shores Park East
